-- phpMyAdmin SQL Dump
-- version 5.0.1
-- https://www.phpmyadmin.net/
--
-- Host: 127.0.0.1
-- Generation Time: Mar 23, 2020 at 06:27 AM
-- Server version: 10.4.11-MariaDB
-- PHP Version: 7.4.2

SET SQL_MODE = "NO_AUTO_VALUE_ON_ZERO";
SET AUTOCOMMIT = 0;
START TRANSACTION;
SET time_zone = "+00:00";


/*!40101 SET @OLD_CHARACTER_SET_CLIENT=@@CHARACTER_SET_CLIENT */;
/*!40101 SET @OLD_CHARACTER_SET_RESULTS=@@CHARACTER_SET_RESULTS */;
/*!40101 SET @OLD_COLLATION_CONNECTION=@@COLLATION_CONNECTION */;
/*!40101 SET NAMES utf8mb4 */;

--
-- Database: `darussalam_mosque_db`
--

-- --------------------------------------------------------

--
-- Table structure for table `tbl_activity`
--

CREATE TABLE `tbl_activity` (
  `activity_id` int(11) NOT NULL COMMENT 'รหัสกิจกรรม',
  `name` varchar(255) NOT NULL COMMENT 'ชื่อกิจกรรม',
  `detail` text NOT NULL COMMENT 'รายละเอียด',
  `image` varchar(100) NOT NULL COMMENT 'รูปภาพ',
  `ref_board_id` int(11) NOT NULL COMMENT 'คณะกรรมการที่เพิ่มข้อมูล',
  `activity_edit_name` varchar(255) NOT NULL COMMENT 'คณะกรรมการที่แก้ไขข้อมูล',
  `date_edit` datetime NOT NULL COMMENT 'วันที่แก้ไข',
  `date_save` timestamp NOT NULL DEFAULT current_timestamp() COMMENT 'วันที่บันทึก'
) ENGINE=InnoDB DEFAULT CHARSET=utf8;

--
-- Dumping data for table `tbl_activity`
--

INSERT INTO `tbl_activity` (`activity_id`, `name`, `detail`, `image`, `ref_board_id`, `activity_edit_name`, `date_edit`, `date_save`) VALUES
(1, 'ละหมาดวันศุกร์', 'การละหมาดวันศุกร์จำเป็นสำหรับผู้ชายทุกคน', '55546466020200316_112712.jpg', 3, 'ดอเซะ', '2020-03-16 11:25:29', '2020-02-10 09:37:09'),
(2, 'ทำฮัจย์', 'การเดินทางไปปฏิบัติศาสนกิจที่นครมักกะฮ์ในเดือนซุลฮิจญะฮ์ ', '22323039620200316_112851.jpg', 2, 'ดอเซะ', '2020-03-16 11:27:20', '2020-02-10 08:29:04'),
(3, 'กีรออาตี', 'เด็กมุสลิมจำเป็นต้องเรียนอัลกุรอาน ทุกคืนหลังละหมาดมัฆริบ', '198800034020200316_112929.jpg', 5, 'ดอเซะ', '2020-03-16 11:29:19', '2020-02-10 09:11:53'),
(4, 'วันอีดิลฟิตรี', 'วันอิดิลฟิตรีเป็นวันแรกของการออกจากเทศกาลถือศีลอดของชาวมุสลิม', '101759170120200316_112945.jpg', 6, 'ดอเซะ', '2020-03-16 11:29:36', '2020-02-10 10:07:46'),
(5, 'ละหมาดตะรอเวียะห์ ', 'การละหมาดตะรอเวียะห์ เป็นการปฏิบัติศาสนกิจของมุสลิมในห้วงเดือนรอมฎอน', '149035483820200316_112957.jpg', 5, 'ดอเซะ', '2020-03-16 11:29:50', '2020-02-10 09:33:10'),
(6, 'เราะมะฎอน', 'มุสลิมจะต้องอดอาหารเพื่อที่จะได้เข้าถึงอัลลอฮ์ และเพื่อให้มีความอดทน, การอุทิศส่วนกุศล', '127463533620200316_113015.jpg', 7, 'ดอเซะ', '2020-03-16 11:30:05', '2020-02-10 09:35:36'),
(7, 'อาชูรออ์', 'คือวันที่ ๑๐ ของเดือนมุฮัรรอม เป็นวันที่ท่านศาสดามุฮัมมัดได้ถือศีลอดและส่งเสริมให้มุสลิมปฏิบัติตาม', '6139965420200316_113028.jpg', 12, 'ดอเซะ', '2020-03-16 11:30:21', '2020-02-14 09:15:32'),
(8, 'วันเมาลิดนบี', 'วันคล้ายวันเกิดของท่านศาสดามุฮัมมัด', '150791658320200316_113041.jpg', 13, 'ดอเซะ', '2020-03-16 11:30:33', '2020-02-10 09:56:03'),
(9, 'วันขึ้นศักราชใหม่อิสลาม', 'การกำหนดปีฮิจเราะห์ศักราชท่านศาสดามุฮัมมัดได้อพยพไปถึงนครมะดีนะห์\r\nในวันจันทร์ที่ ๑๒ เดือนร่อบีอุ้ลเอาวัล', '176231697420200316_113111.jpg', 14, 'ดอเซะ', '2020-03-16 11:30:47', '2020-02-10 10:00:10');

-- --------------------------------------------------------

--
-- Table structure for table `tbl_activity_update`
--

CREATE TABLE `tbl_activity_update` (
  `activity_update_id` int(11) NOT NULL COMMENT 'รหัสแก้ไขข้อมูล',
  `ref_activity_id` int(11) NOT NULL COMMENT 'รหัสกิจกรรม',
  `ref_board_id` int(11) NOT NULL COMMENT 'รหัสคณะกรรมการที่แก้ไขข้อมูล',
  `date_save` timestamp NOT NULL DEFAULT current_timestamp() COMMENT 'วันที่บันทึก'
) ENGINE=InnoDB DEFAULT CHARSET=utf8;

--
-- Dumping data for table `tbl_activity_update`
--

INSERT INTO `tbl_activity_update` (`activity_update_id`, `ref_activity_id`, `ref_board_id`, `date_save`) VALUES
(1, 1, 1, '2020-02-10 08:13:19'),
(2, 3, 8, '2020-02-10 08:24:15'),
(3, 2, 10, '2020-02-10 08:27:42'),
(4, 2, 4, '2020-02-10 08:29:04'),
(5, 4, 6, '2020-02-10 08:42:09'),
(6, 3, 7, '2020-02-10 09:11:53'),
(7, 5, 9, '2020-02-10 09:33:10'),
(8, 6, 6, '2020-02-10 09:35:36'),
(9, 1, 11, '2020-02-10 09:37:09'),
(10, 4, 2, '2020-02-10 09:39:05'),
(11, 4, 8, '2020-02-10 09:41:24'),
(12, 4, 13, '2020-02-10 10:07:46'),
(13, 7, 3, '2020-02-14 09:14:53'),
(14, 7, 3, '2020-02-14 09:15:32'),
(15, 1, 1, '2020-03-16 04:27:12'),
(16, 2, 1, '2020-03-16 04:28:51'),
(17, 3, 1, '2020-03-16 04:29:29'),
(18, 4, 1, '2020-03-16 04:29:45'),
(19, 5, 1, '2020-03-16 04:29:57'),
(20, 6, 1, '2020-03-16 04:30:15'),
(21, 7, 1, '2020-03-16 04:30:28'),
(22, 8, 1, '2020-03-16 04:30:41'),
(23, 9, 1, '2020-03-16 04:31:11');

-- --------------------------------------------------------

--
-- Table structure for table `tbl_area_board`
--

CREATE TABLE `tbl_area_board` (
  `area_id` int(2) UNSIGNED ZEROFILL NOT NULL COMMENT 'รหัสเขตคณะกรรมการ',
  `area_name` varchar(100) NOT NULL COMMENT 'ชื่อเขตคณะกรรมการ'
) ENGINE=InnoDB DEFAULT CHARSET=utf8;

--
-- Dumping data for table `tbl_area_board`
--

INSERT INTO `tbl_area_board` (`area_id`, `area_name`) VALUES
(01, 'มัสยิด'),
(02, 'โรงเรียน'),
(03, 'ตาดีกา'),
(04, 'อนามัย'),
(05, 'บาลาล'),
(06, 'รปช'),
(07, 'ตะวันตก'),
(08, 'ตะวันออก');

-- --------------------------------------------------------

--
-- Table structure for table `tbl_board`
--

CREATE TABLE `tbl_board` (
  `board_id` int(3) UNSIGNED ZEROFILL NOT NULL COMMENT 'รหัสคณะกรรมการ',
  `username` varchar(100) NOT NULL COMMENT 'ชื่อผู้ใช้',
  `password` varchar(100) NOT NULL COMMENT 'รหัสผ่าน',
  `image` varchar(50) NOT NULL COMMENT 'รูปภาพ',
  `id_card` varchar(13) NOT NULL COMMENT 'เลขรหัสประจำตัวประชาชน',
  `title` varchar(50) NOT NULL COMMENT 'คำนำหน้าคณะกรรมการ',
  `f_name_board` varchar(255) NOT NULL COMMENT 'ชื่อจริงคณะกรรมการ',
  `l_name_board` varchar(255) NOT NULL COMMENT 'นามสกุลจริงคณะกรรมการ',
  `gender` varchar(10) NOT NULL COMMENT 'เพศคณะกรรมการ',
  `birthday` date NOT NULL COMMENT 'วัน/เดือน/ปีเกิดคณะกรรมการ',
  `telephone` varchar(10) NOT NULL COMMENT 'เบอร์โทรศัพท์',
  `email` varchar(255) NOT NULL COMMENT 'อีเมล์',
  `ref_position_id` int(2) NOT NULL COMMENT 'รหัสตำแหน่งคณะกรรมการ',
  `ref_area_id` int(2) NOT NULL COMMENT 'รหัสเขตคณะกรรมการ',
  `user_level` varchar(10) NOT NULL COMMENT 'ระดับเข้าระบบ',
  `remark` text NOT NULL COMMENT 'รายละเอียดเพิ่มเติม',
  `date_save` timestamp NOT NULL DEFAULT current_timestamp() ON UPDATE current_timestamp() COMMENT 'วันที่บันทึก'
) ENGINE=InnoDB DEFAULT CHARSET=utf8;

--
-- Dumping data for table `tbl_board`
--

INSERT INTO `tbl_board` (`board_id`, `username`, `password`, `image`, `id_card`, `title`, `f_name_board`, `l_name_board`, `gender`, `birthday`, `telephone`, `email`, `ref_position_id`, `ref_area_id`, `user_level`, `remark`, `date_save`) VALUES
(001, 'admin', '21232f297a57a5a743894a0e4a801fc3', '43868303520200318_062018.jpg', '1900400100789', 'นาย', 'ทดสอบ', 'ระบบ', 'ชาย', '1982-07-14', '0612218928', 'admin@gmail.com', 10, 1, 'admin', '', '2020-03-17 23:20:18'),
(002, 'B002', '7d7b2156b3b5071039a4ad4cabc2f53f', '10802443220200317_171049.jpg', '1900400100789', 'นาย', 'ดอเซะ', 'มะเซ็ง', 'ชาย', '1972-12-07', '0612219036', 'B002@gmail.com', 1, 1, 'board', '', '2020-03-18 00:08:05'),
(003, 'B003', 'd2368fc0e79ef51bcb99f44cdb01ff5a', '134359710420200317_171454.jpg', '1900400100789', 'นาย', 'สมัน', 'สะมะแอ', 'ชาย', '1978-12-09', '0612216726', 'B003@gmail.com', 2, 1, 'board', '--', '2020-03-17 10:14:54'),
(004, 'B004', '71eea4c0dc8aa6ff87351588a96f7b92', '105512434720200317_180342.jpg', '1900400100789', 'นาย', 'อีซอ', 'ยาตี', 'ชาย', '1975-12-19', '0612218927', 'B004@gmail.com', 3, 1, 'board', '', '2020-03-17 11:03:42'),
(005, 'B005', '35021206a61219f80a148200f471119e', '173237325020200317_172600.jpg', '1900400100789', 'นาย', 'อาบูบาการ์ ', 'มูเละ', 'ชาย', '1982-12-09', '0612219827', 'B005@gmail.com', 4, 3, 'board', '--', '2020-03-17 10:26:00'),
(006, 'B006', '02ce46f246e39bf8a598e221c351ab3f', '30913503820200317_172802.jpg', '1900400100789', 'นาย', 'รอแม', 'มะสง', 'ชาย', '1975-12-19', '0981172625', 'B006@gmail.com', 4, 3, 'board', '--', '2020-03-17 10:28:02'),
(007, 'B007', '4c5c09ec7cbcb58624adad3b5728e53f', '44082686820200317_174426.jpg', '1900400100789', 'นาย', 'อุสมาน', 'บาเหมอุดม', 'ชาย', '1984-12-09', '0817726352', 'B007@gmail.com', 5, 2, 'board', '', '2020-03-17 10:44:26'),
(008, 'B008', '913a4b01240c5fe2925dca1873740fd6', '96375229820200317_174522.jpg', '1900400100789', 'นาย', 'อาหะมะ', 'มะลี ', 'ชาย', '1985-12-09', '0987726352', 'B008@gmail.com', 5, 2, 'board', '', '2020-03-17 10:45:22'),
(009, 'B009', '77f66dc74af85c919bc7d0582b571017', '67185392320200317_174748.jpg', '1900400100789', 'นาย', 'กาเร็ม', 'มะหะจิ', 'ชาย', '1985-08-17', '0987726252', 'B009@gmail.com', 6, 4, 'board', '--', '2020-03-17 10:47:48'),
(010, 'B010', '13e50dafa0b0f9fb963f89a8d2807c08', '14157180720200317_174932.jpg', '1900400100789', 'นาย', 'รอแม', 'ลาแม็ง', 'ชาย', '1988-12-16', '0981127362', 'B010@gmail.com', 6, 4, 'board', '--', '2020-03-17 10:49:32'),
(011, 'B011', 'f3f530819e7c9e0882cb16fe70ff4da5', '45079815320200317_175231.jpg', '1900400100789', 'นาย', 'มาหามะยากี', 'โต๊ะโย๊ะ', 'ชาย', '1988-12-04', '0812219281', 'B011@gmail.com', 7, 5, 'board', '--', '2020-03-17 10:52:31'),
(012, 'B012', 'ac95e1f560dcb670eaff4c9ad6e2e27d', '130361834520200317_175416.jpg', '1900400100789', 'นาย', 'มะรอมลี', 'วาหนิ', 'ชาย', '1989-12-09', '0982281721', 'B012@gmail.com', 7, 5, 'board', '--', '2020-03-17 10:54:16'),
(013, 'B013', '30125f043170781e19680c33bf1bb18f', '77665028120200317_175605.jpg', '1900400100789', 'นาย', 'มะแอ', 'เจ๊ะเตะ', 'ชาย', '1986-12-12', '0612219022', 'B013@gmail.com', 8, 6, 'board', '--', '2020-03-17 10:56:05'),
(014, 'B014', 'a62d188fc9ce2d2cca6058dfa990c1ea', '123665315020200317_175801.jpg', '1900400100789', 'นาย', 'ดอเล๊าะ', 'ปูเต๊ะ', 'ชาย', '1978-12-19', '0876625321', 'B014@gmail.com', 8, 6, 'board', '', '2020-03-17 10:58:01'),
(015, 'B015', '27dfe1a83c207fe4dd07d4866282ffe4', '72809869720200317_175950.jpg', '1900400100789', 'นาย', 'อับดุลลอฮ', 'เจ๊ะเด็ง', 'ชาย', '1989-12-09', '0612219099', 'B015@gmail.com', 9, 8, 'board', '--', '2020-03-17 10:59:50'),
(016, 'B016', '4f05284dd9ff1fbee205168166dfee5f', '151574544520200317_180110.jpg', '1900400100789', 'นาย', 'หามะ', 'สาและ', 'ชาย', '1975-12-19', '0612262517', 'B016@gmail.com', 9, 7, 'board', '--', '2020-03-17 11:01:10');

-- --------------------------------------------------------

--
-- Table structure for table `tbl_charge`
--

CREATE TABLE `tbl_charge` (
  `charge_id` int(4) UNSIGNED ZEROFILL NOT NULL COMMENT 'รหัสเรียกเก็บเงิน',
  `charge_date` date NOT NULL COMMENT 'วันที่จ่ายเงินของสมาชิก',
  `amount_charge` int(255) NOT NULL COMMENT 'จำนวนเงินที่เรียกเก็บ',
  `ref_death_id` int(3) NOT NULL COMMENT 'รหัสผู้เสียชีวิต',
  `ref_family_id` int(3) NOT NULL COMMENT 'รหัสครอบครัว',
  `ref_board_id` int(3) NOT NULL COMMENT 'รหัสคณะกรรมการ',
  `remark_charge` text NOT NULL COMMENT 'หมายเหตุเพิ่มเติม',
  `datesave_charge` timestamp NOT NULL DEFAULT current_timestamp() COMMENT 'วันที่บันทึกเรียกเก็บเงิน'
) ENGINE=InnoDB DEFAULT CHARSET=utf8;

--
-- Dumping data for table `tbl_charge`
--

INSERT INTO `tbl_charge` (`charge_id`, `charge_date`, `amount_charge`, `ref_death_id`, `ref_family_id`, `ref_board_id`, `remark_charge`, `datesave_charge`) VALUES
(0001, '2020-03-18', 150, 1, 1, 2, '--', '2020-03-17 16:33:52'),
(0002, '2020-03-18', 150, 1, 2, 2, '', '2020-03-17 16:34:46'),
(0003, '2020-03-17', 150, 1, 3, 3, '--', '2020-03-17 16:37:01'),
(0004, '2020-03-17', 150, 1, 4, 3, '', '2020-03-17 16:37:31'),
(0005, '2020-03-17', 150, 1, 5, 4, '', '2020-03-17 16:38:37'),
(0006, '2020-03-17', 150, 1, 6, 4, '', '2020-03-17 16:39:28'),
(0007, '2020-03-16', 150, 2, 1, 2, '', '2020-03-17 16:49:52'),
(0008, '2020-03-16', 150, 2, 2, 2, '--', '2020-03-17 16:50:21'),
(0009, '2020-03-16', 150, 2, 3, 3, '--', '2020-03-17 16:51:14'),
(0010, '2020-03-16', 150, 2, 4, 3, '', '2020-03-17 16:52:17'),
(0011, '2020-03-16', 150, 2, 5, 4, '', '2020-03-17 16:52:57'),
(0012, '2020-03-16', 150, 2, 6, 4, '', '2020-03-17 16:53:19'),
(0013, '2020-03-16', 150, 3, 1, 2, '', '2020-03-17 16:53:57'),
(0014, '2020-03-16', 150, 3, 2, 2, '', '2020-03-17 16:54:20'),
(0015, '2020-03-17', 150, 3, 3, 3, '', '2020-03-17 17:02:05'),
(0016, '2020-03-17', 150, 3, 4, 3, '', '2020-03-17 17:02:29'),
(0017, '2020-03-17', 150, 3, 5, 4, '', '2020-03-17 17:08:26'),
(0018, '2020-03-17', 150, 3, 6, 4, '', '2020-03-17 17:09:02'),
(0019, '2020-03-15', 150, 4, 1, 2, '', '2020-03-17 17:14:56'),
(0020, '2020-03-16', 150, 4, 2, 2, '', '2020-03-17 17:15:20'),
(0021, '2020-03-16', 150, 4, 3, 3, '', '2020-03-17 17:15:56'),
(0022, '2020-03-16', 150, 4, 4, 3, '', '2020-03-17 17:16:22'),
(0023, '2020-03-16', 150, 4, 5, 4, '', '2020-03-17 17:17:05'),
(0024, '2020-03-16', 150, 4, 6, 4, '', '2020-03-17 17:17:29'),
(0025, '2020-03-18', 150, 13, 2, 2, '', '2020-03-20 01:46:50'),
(0026, '2020-03-17', 1000, 16, 1, 2, '', '2020-03-23 03:55:11'),
(0027, '2020-03-19', 150, 16, 2, 2, '', '2020-03-23 04:08:52');

-- --------------------------------------------------------

--
-- Table structure for table `tbl_death`
--

CREATE TABLE `tbl_death` (
  `death_id` int(3) UNSIGNED ZEROFILL NOT NULL COMMENT 'รหัสผู้เสียชีวิต',
  `d_certificate` varchar(50) NOT NULL COMMENT 'หมายเลขใบมรณะบัตร',
  `officer` varchar(255) NOT NULL COMMENT 'ออกโดย',
  `date_death` datetime NOT NULL COMMENT 'วันเวลาที่เสียชีวิต',
  `death_age` varchar(3) NOT NULL COMMENT 'อายุ ณ วันที่ตาย',
  `cause_death` varchar(100) NOT NULL COMMENT 'เหตุที่เสียชีวิต',
  `death_place` varchar(100) NOT NULL COMMENT 'สถานที่เสียชีวิต',
  `prayer_place` varchar(100) NOT NULL COMMENT 'สถานที่ละหมาด',
  `burial_ground` varchar(100) NOT NULL COMMENT 'สถานที่ฝัง',
  `remark_death` text NOT NULL COMMENT 'หมายเหตุเพิ่มเติม',
  `ref_suppurude_id` int(3) NOT NULL COMMENT 'รหัสสัปปุรุษ',
  `datesave_death` timestamp NOT NULL DEFAULT current_timestamp() ON UPDATE current_timestamp() COMMENT 'วันที่บันทึก'
) ENGINE=InnoDB DEFAULT CHARSET=utf8;

--
-- Dumping data for table `tbl_death`
--

INSERT INTO `tbl_death` (`death_id`, `d_certificate`, `officer`, `date_death`, `death_age`, `cause_death`, `death_place`, `prayer_place`, `burial_ground`, `remark_death`, `ref_suppurude_id`, `datesave_death`) VALUES
(001, '11111111', 'อนุมัติ ชัยกูญ', '2020-03-08 01:01:00', '19', 'ป่วย', 'ที่บ้าน', 'บ้านลำลอง', 'กุโบร์ลำลอง', '', 6, '2020-03-23 04:35:12'),
(002, '22222222', 'อนุมัติ ชัยกูญ', '2020-03-09 11:11:00', '89', 'ป่วย', 'ที่บ้าน', 'บ้านลำลอง', 'กุโบร์ลำลอง', '', 8, '2020-03-23 04:36:29'),
(003, '33333333', 'อนุมัติ ชัยกูญ', '2020-03-10 03:33:00', '39', 'ป่วย', 'ที่บ้าน', 'บ้านลำลอง', 'กุโบร์ลำลอง', '33', 10, '2020-03-23 04:37:55'),
(004, '44444444', 'อนุมัติ ชัยกูญ', '0000-00-00 00:00:00', '', 'ป่วย', 'ที่บ้าน', 'บ้านลำลอง', 'กุโบร์ลำลอง', '', 23, '2020-03-23 04:39:19'),
(005, '55555555', 'อนุมัติ ชัยกูญ', '2020-03-14 12:12:00', '25', 'ป่วย', 'ที่บ้าน', 'บ้านลำลอง', 'กุโบร์ลำลอง', '--', 25, '2020-03-23 04:40:10');

-- --------------------------------------------------------

--
-- Table structure for table `tbl_file`
--

CREATE TABLE `tbl_file` (
  `file_id` int(11) NOT NULL COMMENT 'รหัสไฟล์',
  `file_name` varchar(255) NOT NULL COMMENT 'ชื่อไฟล์',
  `file_upload` varchar(255) NOT NULL COMMENT 'ไฟล์ที่อัพโหลด',
  `create_name` varchar(255) NOT NULL COMMENT 'ชื่อคณะกรรมการที่อัพโหลด',
  `type` varchar(10) NOT NULL COMMENT 'ประเภทของไฟล์',
  `ref_board_id` int(11) NOT NULL COMMENT 'รหัสคณะกรรมการ',
  `datesave_file` timestamp NOT NULL DEFAULT current_timestamp() COMMENT 'วันที่บันทึก'
) ENGINE=InnoDB DEFAULT CHARSET=utf8;

-- --------------------------------------------------------

--
-- Table structure for table `tbl_house`
--

CREATE TABLE `tbl_house` (
  `family_id` int(3) UNSIGNED ZEROFILL NOT NULL COMMENT 'รหัสครอบครัว',
  `house_no` varchar(11) NOT NULL COMMENT 'บ้านเลขที่',
  `house_code` varchar(11) NOT NULL COMMENT 'เลขรหัสประจำบ้าน',
  `villageno` varchar(100) NOT NULL COMMENT 'หมู่ที่',
  `lane` varchar(100) NOT NULL COMMENT 'ซอย-แยก',
  `street` varchar(100) NOT NULL COMMENT 'ถนน-คลอง',
  `village` varchar(100) NOT NULL COMMENT 'หมู่บ้าน-ชุมชน',
  `district` varchar(100) NOT NULL COMMENT 'ตำบล',
  `sub_district` varchar(100) NOT NULL COMMENT 'อำเภอ',
  `province` varchar(100) NOT NULL COMMENT 'จังหวัด',
  `postal_code` varchar(50) NOT NULL COMMENT 'รหัสไปรษณีย์',
  `remark` text NOT NULL COMMENT 'หมายเหตุเพิ่มเติม',
  `ref_board_id` int(3) NOT NULL COMMENT 'รหัสคณะกรรมการ',
  `house_date_save` timestamp NOT NULL DEFAULT current_timestamp() COMMENT 'วันที่บันทึก'
) ENGINE=InnoDB DEFAULT CHARSET=utf8;

--
-- Dumping data for table `tbl_house`
--

INSERT INTO `tbl_house` (`family_id`, `house_no`, `house_code`, `villageno`, `lane`, `street`, `village`, `district`, `sub_district`, `province`, `postal_code`, `remark`, `ref_board_id`, `house_date_save`) VALUES
(001, '101', '94050042342', '12', '-', '-', 'ลำลอง', 'นาทวี', 'นาทวี', 'สงขลา', '90160', '--', 2, '2020-03-17 11:09:13'),
(002, '102', '94050054456', '12', '-', '-', 'ลำลอง', 'นาทวี', 'นาทวี', 'สงขลา', '90160', '', 2, '2020-03-17 11:09:41'),
(003, '103', '94050054723', '12', '-', '-', 'ลำลอง', 'นาทวี', 'นาทวี', 'สงขลา', '90160', '', 3, '2020-03-17 11:11:04'),
(004, '104', '94050055623', '12', '-', '-', 'ลำลอง', 'นาทวี', 'นาทวี', 'สงขลา', '90160', '', 3, '2020-03-17 11:12:26'),
(005, '105', '94050059283', '12', '-', '-', 'ลำลอง', 'นาทวี', 'นาทวี', 'สงขลา', '90160', '', 4, '2020-03-17 11:13:06'),
(006, '106', '94050053234', '12', '-', '-', 'ลำลอง', 'นาทวี', 'นาทวี', 'สงขลา', '90160', '', 4, '2020-03-17 11:13:27'),
(007, '107', '94050050293', '12', '-', '-', 'ลำลอง', 'นาทวี', 'นาทวี', 'สงขลา', '90160', '', 5, '2020-03-17 11:13:53'),
(008, '108', '94050059283', '12', '-', '-', 'ลำลอง', 'นาทวี', 'นาทวี', 'สงขลา', '90160', '', 5, '2020-03-17 11:14:31'),
(009, '109', '94050050299', '12', '-', '-', 'ลำลอง', 'นาทวี', 'นาทวี', 'สงขลา', '90160', '', 6, '2020-03-17 11:15:02'),
(010, '110', '94050052987', '12', '-', '-', 'ลำลอง', 'นาทวี', 'นาทวี', 'สงขลา', '90160', '', 6, '2020-03-17 11:15:31'),
(011, '111', '94050054787', '12', '-', '-', 'ลำลอง', 'นาทวี', 'นาทวี', 'สงขลา', '90160', '', 7, '2020-03-17 11:16:17'),
(012, '112', '94050054727', '12', '-', '-', 'ลำลอง', 'นาทวี', 'นาทวี', 'สงขลา', '90160', '', 7, '2020-03-17 11:16:34'),
(013, '113', '94050054744', '12', '-', '-', 'ลำลอง', 'นาทวี', 'นาทวี', 'สงขลา', '90160', '', 8, '2020-03-17 11:16:57'),
(014, '114', '94050054728', '12', '-', '-', 'ลำลอง', 'นาทวี', 'นาทวี', 'สงขลา', '90160', '', 8, '2020-03-17 11:17:27'),
(015, '115', '94050054700', '12', '-', '-', 'ลำลอง', 'นาทวี', 'นาทวี', 'สงขลา', '90160', '', 9, '2020-03-17 11:17:55'),
(016, '116', '94050054721', '12', '-', '-', 'ลำลอง', 'นาทวี', 'นาทวี', 'สงขลา', '90160', '', 9, '2020-03-17 11:18:35'),
(017, '117', '94050055555', '12', '-', '-', 'ลำลอง', 'นาทวี', 'นาทวี', 'สงขลา', '90160', '', 10, '2020-03-17 11:19:46'),
(018, '118', '94050054744', '12', '-', '-', 'ลำลอง', 'นาทวี', 'นาทวี', 'สงขลา', '90160', '', 10, '2020-03-17 11:20:19'),
(019, '119', '94050054767', '12', '-', '-', 'ลำลอง', 'นาทวี', 'นาทวี', 'สงขลา', '90160', '', 11, '2020-03-17 11:21:08'),
(020, '120', '83150054723', '12', '-', '-', 'ลำลอง', 'นาทวี', 'นาทวี', 'สงขลา', '90160', '', 11, '2020-03-17 11:21:32'),
(021, '121', '89050054723', '12', '-', '-', 'ลำลอง', 'นาทวี', 'นาทวี', 'สงขลา', '90160', '', 12, '2020-03-17 11:21:54'),
(022, '122', '87750054723', '12', '-', '-', 'ลำลอง', 'นาทวี', 'นาทวี', 'สงขลา', '90160', '', 12, '2020-03-17 11:22:35'),
(023, '123', '87650054723', '12', '-', '-', 'ลำลอง', 'นาทวี', 'นาทวี', 'สงขลา', '90160', '', 13, '2020-03-17 11:23:03'),
(024, '124', '89050054723', '12', '-', '-', 'ลำลอง', 'นาทวี', 'นาทวี', 'สงขลา', '90160', '', 13, '2020-03-17 11:23:21'),
(025, '125', '88780054723', '12', '-', '-', 'ลำลอง', 'นาทวี', 'นาทวี', 'สงขลา', '90160', '', 14, '2020-03-17 11:23:45'),
(026, '126', '76550054723', '12', '-', '-', 'ลำลอง', 'นาทวี', 'นาทวี', 'สงขลา', '90160', '', 14, '2020-03-17 11:24:09'),
(027, '127', '78950054723', '12', '-', '-', 'ลำลอง', 'นาทวี', 'นาทวี', 'สงขลา', '90160', '', 15, '2020-03-17 11:24:54'),
(028, '128', '65950054723', '12', '-', '-', 'ลำลอง', 'นาทวี', 'นาทวี', 'สงขลา', '90160', '', 15, '2020-03-17 11:25:18'),
(029, '129', '67850054723', '12', '-', '-', 'ลำลอง', 'นาทวี', 'นาทวี', 'สงขลา', '90160', '', 16, '2020-03-17 11:25:52'),
(030, '130', '69850054723', '12', '-', '-', 'ลำลอง', 'นาทวี', 'นาทวี', 'สงขลา', '90160', '', 16, '2020-03-17 11:26:09');

-- --------------------------------------------------------

--
-- Table structure for table `tbl_login_board`
--

CREATE TABLE `tbl_login_board` (
  `b_log_id` int(11) NOT NULL COMMENT 'รหัสเข้าระบบคณะกรรมการ',
  `ref_board_id` int(11) NOT NULL COMMENT 'รหัสคณะกรรมการ',
  `log_date` timestamp NOT NULL DEFAULT current_timestamp() COMMENT 'วันที่เข้าระบบ'
) ENGINE=InnoDB DEFAULT CHARSET=utf8;

--
-- Dumping data for table `tbl_login_board`
--

INSERT INTO `tbl_login_board` (`b_log_id`, `ref_board_id`, `log_date`) VALUES
(1, 1, '2020-01-31 15:09:40'),
(2, 1, '2020-01-31 15:11:44'),
(3, 1, '2020-01-31 15:23:45'),
(4, 1, '2020-01-31 15:33:21'),
(5, 2, '2020-01-31 23:32:45'),
(6, 3, '2020-02-01 00:09:07'),
(7, 5, '2020-02-01 03:56:30'),
(8, 1, '2020-02-10 03:01:27'),
(9, 1, '2020-02-10 03:01:40'),
(10, 1, '2020-02-10 03:05:56'),
(11, 1, '2020-02-10 03:24:06'),
(12, 17, '2020-02-10 07:41:24'),
(13, 2, '2020-02-10 07:53:13'),
(14, 3, '2020-02-10 07:55:10'),
(15, 1, '2020-02-10 08:06:52'),
(16, 2, '2020-02-10 08:14:26'),
(17, 5, '2020-02-10 08:17:13'),
(18, 8, '2020-02-10 08:23:37'),
(19, 10, '2020-02-10 08:26:00'),
(20, 4, '2020-02-10 08:28:49'),
(21, 6, '2020-02-10 08:38:48'),
(22, 7, '2020-02-10 09:11:35'),
(23, 5, '2020-02-10 09:21:48'),
(24, 7, '2020-02-10 09:23:38'),
(25, 9, '2020-02-10 09:32:20'),
(26, 6, '2020-02-10 09:34:11'),
(27, 11, '2020-02-10 09:36:48'),
(28, 2, '2020-02-10 09:38:43'),
(29, 8, '2020-02-10 09:41:08'),
(30, 12, '2020-02-10 09:52:09'),
(31, 13, '2020-02-10 09:55:03'),
(32, 14, '2020-02-10 09:58:08'),
(33, 13, '2020-02-10 10:06:44'),
(34, 15, '2020-02-10 10:16:58'),
(35, 15, '2020-02-10 10:29:55'),
(36, 15, '2020-02-10 10:32:26'),
(37, 1, '2020-02-12 15:29:14'),
(38, 2, '2020-02-12 15:29:26'),
(39, 5, '2020-02-12 15:29:42'),
(40, 2, '2020-02-12 15:30:03'),
(41, 2, '2020-02-12 15:30:13'),
(42, 15, '2020-02-12 15:50:53'),
(43, 1, '2020-02-12 17:13:29'),
(44, 1, '2020-02-12 17:26:52'),
(45, 1, '2020-02-13 13:24:44'),
(46, 9, '2020-02-13 13:51:01'),
(47, 9, '2020-02-13 16:28:07'),
(48, 6, '2020-02-13 16:52:30'),
(49, 2, '2020-02-13 19:30:07'),
(50, 3, '2020-02-13 19:48:55'),
(51, 2, '2020-02-13 20:51:58'),
(52, 3, '2020-02-14 04:52:57'),
(53, 16, '2020-02-14 04:53:42'),
(54, 4, '2020-02-14 04:55:08'),
(55, 3, '2020-02-14 04:58:37'),
(56, 7, '2020-02-14 05:08:02'),
(57, 6, '2020-02-14 05:39:42'),
(58, 12, '2020-02-14 05:46:08'),
(59, 14, '2020-02-14 07:04:58'),
(60, 6, '2020-02-14 08:26:58'),
(61, 2, '2020-02-14 08:42:23'),
(62, 3, '2020-02-14 08:53:11'),
(63, 3, '2020-02-14 09:14:30'),
(64, 3, '2020-02-14 09:36:23'),
(65, 5, '2020-02-14 10:57:18'),
(66, 10, '2020-02-14 11:22:32'),
(67, 13, '2020-02-14 11:25:53'),
(68, 14, '2020-02-14 11:38:31'),
(69, 6, '2020-02-14 11:51:00'),
(70, 9, '2020-02-14 13:15:27'),
(71, 9, '2020-02-14 13:38:35'),
(72, 9, '2020-02-14 13:41:37'),
(73, 7, '2020-02-14 13:46:19'),
(74, 5, '2020-02-14 14:02:47'),
(75, 5, '2020-02-14 14:13:43'),
(76, 5, '2020-02-14 14:15:02'),
(77, 14, '2020-02-14 14:16:07'),
(78, 2, '2020-02-14 14:19:26'),
(79, 5, '2020-02-15 01:29:54'),
(80, 6, '2020-02-15 01:36:05'),
(81, 3, '2020-02-15 02:28:14'),
(82, 5, '2020-02-15 02:32:26'),
(83, 8, '2020-02-15 02:45:54'),
(84, 10, '2020-02-15 02:49:26'),
(85, 9, '2020-02-15 02:56:30'),
(86, 9, '2020-02-15 03:01:02'),
(87, 6, '2020-02-15 03:08:12'),
(88, 8, '2020-02-15 03:34:17'),
(89, 13, '2020-02-15 03:35:54'),
(90, 4, '2020-02-15 03:40:02'),
(91, 9, '2020-02-15 03:42:53'),
(92, 7, '2020-02-15 03:53:07'),
(93, 8, '2020-02-15 03:53:52'),
(94, 6, '2020-02-15 04:41:19'),
(95, 7, '2020-02-15 04:46:28'),
(96, 8, '2020-02-15 04:50:46'),
(97, 2, '2020-02-15 05:16:36'),
(98, 5, '2020-02-15 06:25:10'),
(99, 9, '2020-02-15 06:38:00'),
(100, 5, '2020-02-15 06:40:33'),
(101, 4, '2020-02-15 06:46:43'),
(102, 13, '2020-02-15 07:03:17'),
(103, 3, '2020-02-15 07:50:19'),
(104, 8, '2020-02-15 10:11:51'),
(105, 8, '2020-02-15 13:09:55'),
(106, 9, '2020-02-16 05:51:51'),
(107, 8, '2020-02-16 06:46:04'),
(108, 5, '2020-02-16 06:58:34'),
(109, 4, '2020-02-18 15:39:56'),
(110, 8, '2020-02-19 09:31:25'),
(111, 9, '2020-02-19 09:33:39'),
(112, 8, '2020-02-19 09:34:20'),
(113, 9, '2020-02-19 10:13:24'),
(114, 9, '2020-02-19 10:19:55'),
(115, 3, '2020-02-19 12:47:42'),
(116, 9, '2020-02-19 12:50:09'),
(117, 8, '2020-02-19 13:54:00'),
(118, 8, '2020-02-19 14:09:53'),
(119, 7, '2020-02-20 05:11:43'),
(120, 9, '2020-02-20 05:53:54'),
(121, 9, '2020-02-20 06:26:05'),
(122, 8, '2020-02-20 06:33:43'),
(123, 2, '2020-02-20 06:37:57'),
(124, 2, '2020-02-21 07:15:21'),
(125, 2, '2020-02-21 07:21:09'),
(126, 2, '2020-02-21 07:27:12'),
(127, 2, '2020-02-21 07:29:12'),
(128, 2, '2020-02-21 07:29:22'),
(129, 8, '2020-02-21 07:48:32'),
(130, 6, '2020-02-21 11:04:42'),
(131, 2, '2020-02-21 11:20:04'),
(132, 2, '2020-02-21 14:06:23'),
(133, 3, '2020-02-21 14:48:54'),
(134, 8, '2020-02-21 15:12:40'),
(135, 8, '2020-02-21 17:26:15'),
(136, 6, '2020-02-22 03:38:40'),
(137, 4, '2020-02-22 04:04:32'),
(138, 6, '2020-02-22 04:11:45'),
(139, 2, '2020-02-22 05:20:47'),
(140, 2, '2020-02-22 05:23:14'),
(141, 9, '2020-02-22 06:06:10'),
(142, 9, '2020-02-22 07:29:53'),
(143, 3, '2020-02-22 08:52:28'),
(144, 6, '2020-02-22 09:01:37'),
(145, 6, '2020-02-22 09:13:31'),
(146, 7, '2020-02-22 09:17:14'),
(147, 5, '2020-02-22 09:20:07'),
(148, 6, '2020-02-22 09:31:46'),
(149, 6, '2020-02-22 10:48:40'),
(150, 9, '2020-02-22 11:51:20'),
(151, 8, '2020-02-22 13:40:13'),
(152, 5, '2020-02-22 15:02:46'),
(153, 4, '2020-02-23 04:57:07'),
(154, 6, '2020-02-23 05:44:40'),
(155, 6, '2020-02-23 05:49:56'),
(156, 6, '2020-02-23 07:27:03'),
(157, 6, '2020-02-23 07:54:05'),
(158, 9, '2020-02-23 07:55:34'),
(159, 10, '2020-02-23 08:00:17'),
(160, 7, '2020-02-23 08:02:45'),
(161, 9, '2020-02-23 08:07:23'),
(162, 10, '2020-02-23 08:12:45'),
(163, 9, '2020-02-23 08:20:17'),
(164, 7, '2020-02-23 08:21:41'),
(165, 10, '2020-02-23 08:23:56'),
(166, 6, '2020-02-23 08:30:50'),
(167, 10, '2020-02-23 08:38:40'),
(168, 9, '2020-02-23 08:41:55'),
(169, 7, '2020-02-23 08:43:07'),
(170, 7, '2020-02-23 09:01:08'),
(171, 10, '2020-02-23 09:01:31'),
(172, 10, '2020-02-23 09:13:35'),
(173, 9, '2020-02-23 09:15:35'),
(174, 7, '2020-02-23 09:16:35'),
(175, 10, '2020-02-23 09:17:58'),
(176, 9, '2020-02-23 10:29:15'),
(177, 1, '2020-03-07 16:43:41'),
(178, 2, '2020-03-07 16:47:55'),
(179, 1, '2020-03-16 04:19:36'),
(180, 1, '2020-03-16 04:25:16'),
(181, 1, '2020-03-16 06:53:46'),
(182, 1, '2020-03-16 06:59:06'),
(183, 1, '2020-03-16 07:37:09'),
(184, 1, '2020-03-16 07:47:52'),
(185, 1, '2020-03-16 10:00:53'),
(186, 4, '2020-03-16 11:19:21'),
(187, 4, '2020-03-16 11:23:48'),
(188, 6, '2020-03-16 11:26:07'),
(189, 1, '2020-03-16 11:32:34'),
(190, 4, '2020-03-16 11:34:10'),
(191, 10, '2020-03-16 14:44:08'),
(192, 1, '2020-03-16 15:09:25'),
(193, 1, '2020-03-17 07:40:25'),
(194, 1, '2020-03-17 07:49:38'),
(195, 4, '2020-03-17 07:50:14'),
(196, 2, '2020-03-17 12:05:06'),
(197, 3, '2020-03-17 14:11:23'),
(198, 2, '2020-03-17 14:16:51'),
(199, 2, '2020-03-17 14:19:44'),
(200, 3, '2020-03-17 14:25:51'),
(201, 2, '2020-03-17 15:38:05'),
(202, 3, '2020-03-17 15:39:09'),
(203, 4, '2020-03-17 16:05:43'),
(204, 4, '2020-03-17 16:28:47'),
(205, 2, '2020-03-17 16:33:12'),
(206, 3, '2020-03-17 16:36:28'),
(207, 4, '2020-03-17 16:38:16'),
(208, 2, '2020-03-17 16:44:49'),
(209, 2, '2020-03-17 16:48:59'),
(210, 3, '2020-03-17 16:50:46'),
(211, 4, '2020-03-17 16:52:35'),
(212, 4, '2020-03-17 16:53:37'),
(213, 3, '2020-03-17 17:00:27'),
(214, 2, '2020-03-17 17:00:40'),
(215, 3, '2020-03-17 17:01:30'),
(216, 4, '2020-03-17 17:03:05'),
(217, 2, '2020-03-17 17:11:09'),
(218, 3, '2020-03-17 17:12:59'),
(219, 2, '2020-03-17 17:14:28'),
(220, 3, '2020-03-17 17:15:37'),
(221, 4, '2020-03-17 17:16:41'),
(222, 3, '2020-03-17 17:18:23'),
(223, 2, '2020-03-18 00:06:14'),
(224, 2, '2020-03-18 00:13:20'),
(225, 2, '2020-03-18 00:43:38'),
(226, 2, '2020-03-18 00:53:28'),
(227, 2, '2020-03-18 00:57:24'),
(228, 2, '2020-03-18 01:05:19'),
(229, 2, '2020-03-18 02:31:52'),
(230, 2, '2020-03-18 02:46:40'),
(231, 2, '2020-03-19 18:54:35'),
(232, 2, '2020-03-19 18:55:26'),
(233, 2, '2020-03-20 00:47:27'),
(234, 2, '2020-03-20 01:05:29'),
(235, 2, '2020-03-20 02:37:58'),
(236, 2, '2020-03-20 02:49:11'),
(237, 2, '2020-03-20 03:00:15'),
(238, 2, '2020-03-20 09:53:12'),
(239, 2, '2020-03-20 12:45:36'),
(240, 2, '2020-03-22 09:19:20'),
(241, 2, '2020-03-22 09:33:14'),
(242, 2, '2020-03-22 09:41:42'),
(243, 2, '2020-03-22 10:38:47'),
(244, 2, '2020-03-23 03:04:44'),
(245, 2, '2020-03-23 04:28:36'),
(246, 2, '2020-03-23 04:41:04'),
(247, 3, '2020-03-23 05:13:27');

-- --------------------------------------------------------

--
-- Table structure for table `tbl_login_member`
--

CREATE TABLE `tbl_login_member` (
  `m_log_id` int(11) NOT NULL COMMENT 'รหัสเข้าระบบสมาชิก',
  `ref_member_id` int(11) NOT NULL COMMENT 'รหัสสมาชิก',
  `log_date` timestamp NOT NULL DEFAULT current_timestamp() COMMENT 'วันที่เข้าระบบ'
) ENGINE=InnoDB DEFAULT CHARSET=utf8;

--
-- Dumping data for table `tbl_login_member`
--

INSERT INTO `tbl_login_member` (`m_log_id`, `ref_member_id`, `log_date`) VALUES
(1, 1, '2020-02-15 06:44:08'),
(2, 2, '2020-02-15 06:44:22'),
(3, 3, '2020-02-15 06:44:30'),
(4, 3, '2020-02-15 06:45:19'),
(5, 3, '2020-02-15 06:45:41'),
(6, 1, '2020-02-15 06:45:57'),
(7, 1, '2020-02-15 06:46:16'),
(8, 2, '2020-02-15 06:46:25'),
(9, 3, '2020-02-16 05:47:17'),
(10, 1, '2020-02-18 15:41:57'),
(11, 7, '2020-02-19 13:55:19'),
(12, 7, '2020-02-19 14:01:39'),
(13, 7, '2020-02-19 14:09:39'),
(14, 5, '2020-02-19 14:10:34'),
(15, 5, '2020-02-19 14:13:43'),
(16, 5, '2020-02-19 14:31:01'),
(17, 5, '2020-02-19 15:01:47'),
(18, 5, '2020-02-19 15:16:43'),
(19, 1, '2020-02-19 15:39:28'),
(20, 5, '2020-02-19 16:09:18'),
(21, 6, '2020-02-19 16:10:07'),
(22, 5, '2020-02-19 16:11:56'),
(23, 3, '2020-02-19 16:13:30'),
(24, 5, '2020-02-19 16:14:26'),
(25, 5, '2020-02-19 16:24:46'),
(26, 5, '2020-02-19 16:25:03'),
(27, 6, '2020-02-19 17:20:34'),
(28, 5, '2020-02-21 07:15:58'),
(29, 5, '2020-02-21 07:28:08'),
(30, 5, '2020-02-21 07:28:23'),
(31, 5, '2020-02-21 07:28:41'),
(32, 5, '2020-02-21 07:29:58'),
(33, 5, '2020-02-21 07:30:36'),
(34, 5, '2020-02-21 07:32:58'),
(35, 5, '2020-02-21 07:33:05'),
(36, 5, '2020-02-21 07:36:55'),
(37, 5, '2020-02-21 07:40:43'),
(38, 4, '2020-02-21 07:42:43'),
(39, 5, '2020-02-21 07:46:20'),
(40, 5, '2020-02-22 05:21:14'),
(41, 1, '2020-02-22 09:00:32'),
(42, 1, '2020-02-22 09:03:26'),
(43, 1, '2020-02-22 09:14:08'),
(44, 4, '2020-02-22 09:14:38'),
(45, 1, '2020-02-22 09:15:01'),
(46, 1, '2020-02-22 09:27:42'),
(47, 1, '2020-02-22 10:33:49'),
(48, 4, '2020-02-22 10:43:15'),
(49, 1, '2020-02-22 14:17:45'),
(50, 3, '2020-02-22 14:36:33'),
(51, 1, '2020-02-23 05:40:29'),
(52, 9, '2020-02-23 07:39:07'),
(53, 9, '2020-02-23 07:45:01'),
(54, 3, '2020-02-23 08:31:11'),
(55, 1, '2020-02-23 08:37:21'),
(56, 3, '2020-02-23 09:19:54'),
(57, 1, '2020-02-23 09:22:24'),
(58, 9, '2020-02-23 09:23:13'),
(59, 1, '2020-02-23 10:28:32'),
(60, 1, '2020-03-07 16:38:06'),
(61, 1, '2020-03-07 16:48:37'),
(62, 1, '2020-03-13 04:45:54'),
(63, 6, '2020-03-16 04:23:16'),
(64, 9, '2020-03-16 04:23:51'),
(65, 1, '2020-03-16 07:57:03'),
(66, 1, '2020-03-17 14:24:12'),
(67, 3, '2020-03-17 16:06:59'),
(68, 4, '2020-03-17 16:29:52'),
(69, 1, '2020-03-17 16:46:40'),
(70, 1, '2020-03-17 17:12:05'),
(71, 2, '2020-03-17 17:19:28'),
(72, 2, '2020-03-17 18:05:42'),
(73, 2, '2020-03-18 00:55:21'),
(74, 2, '2020-03-18 01:27:05'),
(75, 2, '2020-03-18 05:20:52'),
(76, 1, '2020-03-20 02:32:43'),
(77, 1, '2020-03-20 02:45:35'),
(78, 1, '2020-03-20 02:59:25'),
(79, 2, '2020-03-20 02:59:48');

-- --------------------------------------------------------

--
-- Table structure for table `tbl_marriage`
--

CREATE TABLE `tbl_marriage` (
  `marriage_id` int(3) UNSIGNED ZEROFILL NOT NULL COMMENT 'รหัสคู่สมรส',
  `ref_suppurude_id` int(3) NOT NULL COMMENT 'รหัสสัปปุรุษ',
  `title_mate1` varchar(20) NOT NULL COMMENT 'คำนำหน้าคู่สมรส1',
  `firstname_mate1` varchar(255) NOT NULL COMMENT 'ชื่อคู่สมรส1',
  `lastname_mate1` varchar(255) NOT NULL COMMENT 'นามสกุลคู่สมรส1',
  `birthday_mate1` date NOT NULL COMMENT 'วัน/เดือน/ปีเกิด คู่สมรส1',
  `wedding_date1` date NOT NULL COMMENT 'วันแต่งงาน1',
  `organize1` varchar(255) NOT NULL COMMENT 'ผู้ทำพิธี1',
  `witness1` varchar(255) NOT NULL COMMENT 'พยาน1',
  `title_mate2` varchar(20) NOT NULL COMMENT 'คำนำหน้าคู่สมรส2',
  `firstname_mate2` varchar(255) NOT NULL COMMENT 'ชื่อคู่สมรส2',
  `lastname_mate2` varchar(255) NOT NULL COMMENT 'นามสกุลคู่สมรส2',
  `birthday_mate2` date NOT NULL COMMENT 'วัน/เดือน/ปีเกิด คู่สมรส2',
  `wedding_date2` date NOT NULL COMMENT 'วันแต่งงาน2',
  `organize2` varchar(255) NOT NULL COMMENT 'ผู้ทำพิธี2',
  `witness2` varchar(255) NOT NULL COMMENT 'พยาน2',
  `title_mate3` varchar(20) NOT NULL COMMENT 'คำนำหน้าคู่สมรส3',
  `firstname_mate3` varchar(255) NOT NULL COMMENT 'ชื่อคู่สมรส3',
  `lastname_mate3` varchar(255) NOT NULL COMMENT 'นามสกุลคู่สมรส3',
  `birthday_mate3` date NOT NULL COMMENT 'วัน/เดือน/ปีเกิด คู่สมรส3',
  `wedding_date3` date NOT NULL COMMENT 'วันแต่งงาน3',
  `organize3` varchar(255) NOT NULL COMMENT 'ผู้ทำพิธี3',
  `witness3` varchar(255) NOT NULL COMMENT 'พยาน3',
  `title_mate4` varchar(20) NOT NULL COMMENT 'คำนำหน้าคู่สมรส4',
  `firstname_mate4` varchar(255) NOT NULL COMMENT 'ชื่อคู่สมรส4',
  `lastname_mate4` varchar(255) NOT NULL COMMENT 'นามสกุลคู่สมรส4',
  `birthday_mate4` date NOT NULL COMMENT 'วัน/เดือน/ปีเกิด คู่สมรส4',
  `wedding_date4` date NOT NULL COMMENT 'วันแต่งงาน4',
  `organize4` varchar(255) NOT NULL COMMENT 'ผู้ทำพิธี4',
  `witness4` varchar(255) NOT NULL COMMENT 'พยาน4',
  `remark_marriage` text NOT NULL COMMENT 'รายละเอียดเพิ่มเติม',
  `datesave_marriage` timestamp NOT NULL DEFAULT current_timestamp() COMMENT 'วันที่บันทึก'
) ENGINE=InnoDB DEFAULT CHARSET=utf8;

--
-- Dumping data for table `tbl_marriage`
--

INSERT INTO `tbl_marriage` (`marriage_id`, `ref_suppurude_id`, `title_mate1`, `firstname_mate1`, `lastname_mate1`, `birthday_mate1`, `wedding_date1`, `organize1`, `witness1`, `title_mate2`, `firstname_mate2`, `lastname_mate2`, `birthday_mate2`, `wedding_date2`, `organize2`, `witness2`, `title_mate3`, `firstname_mate3`, `lastname_mate3`, `birthday_mate3`, `wedding_date3`, `organize3`, `witness3`, `title_mate4`, `firstname_mate4`, `lastname_mate4`, `birthday_mate4`, `wedding_date4`, `organize4`, `witness4`, `remark_marriage`, `datesave_marriage`) VALUES
(001, 1, '', 'สารีปะ', 'สาและมะ', '1996-03-12', '2020-03-18', 'นายรอเซะ ดือราแม', 'นายรอฮัมซัม กาแม', '', '', '', '0000-00-00', '0000-00-00', '', '', '', '', '', '0000-00-00', '0000-00-00', '', '', '', '', '', '0000-00-00', '0000-00-00', '', '', ' ', '2020-03-19 16:05:49'),
(002, 12, '', 'นาซีเราะ', 'มาลี', '1994-03-25', '2020-03-09', 'นายรอเซะ ดือราแม', 'นายรอฮัมซัม กาแม', '', 'คอซีมา', 'กือตะบารู', '1997-03-10', '2020-03-20', 'test2', 'test2', '', 'ยามีละห์', 'มะสา', '1993-03-19', '2020-03-24', 'test3', 'test3', '', 'นูรีฮ๊ะ', 'มะและ', '1998-03-17', '2020-03-15', 'test4', 'test4', 'test      ', '2020-03-19 16:30:07'),
(003, 2, '', 'อัมรอล', 'โต๊ะนิง', '2020-03-18', '2020-03-16', 'นายรอเซะ ดือราแม', 'นายรอฮัมซัม กาแม', '', '', '', '0000-00-00', '0000-00-00', '', '', '', '', '', '0000-00-00', '0000-00-00', '', '', '', '', '', '0000-00-00', '0000-00-00', '', '', ' ', '2020-03-19 17:02:41');

-- --------------------------------------------------------

--
-- Table structure for table `tbl_member`
--

CREATE TABLE `tbl_member` (
  `member_id` int(3) UNSIGNED ZEROFILL NOT NULL COMMENT 'รหัสสมาชิก',
  `username_member` varchar(255) NOT NULL COMMENT 'ชื่อผู้ใช้สมาชิก',
  `password_member` varchar(255) NOT NULL COMMENT 'รหัสผ่านสมาชิก',
  `image_member` varchar(50) NOT NULL COMMENT 'รูปภาพสมาชิก',
  `email_member` varchar(255) NOT NULL COMMENT 'อีเมล์สมาชิก',
  `telephone_member` varchar(10) NOT NULL COMMENT 'เบอร์โทรศัพท์สมาชิก',
  `name_edit_member` varchar(255) NOT NULL COMMENT 'ชื่อคณะกรรมการที่แก้ไขข้อมูล',
  `date_edit_member` datetime NOT NULL COMMENT 'วันที่แก้ไขข้อมูล',
  `ref_suppurude_id` int(3) NOT NULL COMMENT 'รหัสสัปปุรุษ',
  `ref_board_id` int(3) NOT NULL COMMENT 'รหัสคณะกรรมการ',
  `remark_member` text NOT NULL COMMENT 'หมายเหตุเพิ่มเติม',
  `user_level_member` varchar(10) NOT NULL COMMENT 'ระดับเข้าระบบ',
  `date_save_member` timestamp NOT NULL DEFAULT current_timestamp() COMMENT 'วันที่บันทึก'
) ENGINE=InnoDB DEFAULT CHARSET=utf8;

--
-- Dumping data for table `tbl_member`
--

INSERT INTO `tbl_member` (`member_id`, `username_member`, `password_member`, `image_member`, `email_member`, `telephone_member`, `name_edit_member`, `date_edit_member`, `ref_suppurude_id`, `ref_board_id`, `remark_member`, `user_level_member`, `date_save_member`) VALUES
(001, 'sa', 'c12e01f2a13ff5587e1e9e4aedb8242d', '136561448520200317_212105.jpg', 'sa@gmail.com', '0612219382', 'ดอเซะ', '2020-03-17 21:22:28', 14, 2, '', 'member', '2020-03-17 14:21:05'),
(002, 'yaya', '4409eae53c2e26a65cfc24b3a2359eb9', '141030450220200317_224102.jpg', 'yaya@gmail.com', '0612219031', '', '0000-00-00 00:00:00', 28, 3, '', 'member', '2020-03-17 15:41:02'),
(003, 'da', '5ca2aa845c8cd5ace6b016841f100d82', '25426236920200317_230624.jpg', 'da@gmail.com', '0871128921', '', '0000-00-00 00:00:00', 34, 4, '', 'member', '2020-03-17 16:06:24'),
(004, 'moh', '94e510ecc1b1d7a405c0e7aa18db792b', '174776094520200317_232936.jpg', 'moh@gmail.com', '0812287465', '', '0000-00-00 00:00:00', 40, 4, '', 'member', '2020-03-17 16:29:36');

-- --------------------------------------------------------

--
-- Table structure for table `tbl_member_update`
--

CREATE TABLE `tbl_member_update` (
  `member_update_id` int(11) NOT NULL COMMENT 'รหัสแก้ไขข้อมูลสมาชิก',
  `ref_member_id` int(11) NOT NULL COMMENT 'รหัสสมาชิก',
  `ref_board_id` int(11) NOT NULL COMMENT 'รหัสคณะกรรมการ',
  `dave_save_update` timestamp NOT NULL DEFAULT current_timestamp() COMMENT 'วันที่แก้ไขข้อมูล'
) ENGINE=InnoDB DEFAULT CHARSET=utf8;

--
-- Dumping data for table `tbl_member_update`
--

INSERT INTO `tbl_member_update` (`member_update_id`, `ref_member_id`, `ref_board_id`, `dave_save_update`) VALUES
(1, 1, 2, '2020-03-17 14:22:24'),
(2, 1, 2, '2020-03-17 14:22:44');

-- --------------------------------------------------------

--
-- Table structure for table `tbl_pay`
--

CREATE TABLE `tbl_pay` (
  `pay_id` int(4) UNSIGNED ZEROFILL NOT NULL COMMENT 'รหัสจ่ายเงิน',
  `pay_date` date NOT NULL COMMENT 'วันที่จ่ายเงินให้ทายาท',
  `amount_pay` int(255) NOT NULL COMMENT 'จำนวนเงินจ่ายเงินให้ญาติ',
  `ref_death_id` int(3) NOT NULL COMMENT 'ชื่อผู้เสียชีวิต',
  `ref_family_id` int(3) NOT NULL COMMENT 'รหัสครอบครัว',
  `name_get_money` varchar(255) NOT NULL COMMENT 'ชื่อผู้รับเงิน',
  `ref_board_id` int(3) NOT NULL COMMENT 'รหัสคณะกรรมการ',
  `remark_pay` text NOT NULL COMMENT 'รายละเอียดเพิ่มเติม',
  `datesave_pay` timestamp NOT NULL DEFAULT current_timestamp() COMMENT 'วันที่บันทึก'
) ENGINE=InnoDB DEFAULT CHARSET=utf8;

--
-- Dumping data for table `tbl_pay`
--

INSERT INTO `tbl_pay` (`pay_id`, `pay_date`, `amount_pay`, `ref_death_id`, `ref_family_id`, `name_get_money`, `ref_board_id`, `remark_pay`, `datesave_pay`) VALUES
(0001, '2020-03-23', 1000, 1, 1, ' นายอาแซ อารียู', 2, '', '2020-03-23 04:41:48'),
(0002, '2020-03-09', 1000, 2, 2, ' นางกรือสง มะสาแม', 2, '', '2020-03-23 05:07:27'),
(0003, '2020-03-17', 150, 3, 2, ' นางกรือสง มะสาแม', 2, '', '2020-03-23 05:11:19'),
(0004, '2020-03-16', 1000, 4, 4, ' นางมารีเยาะ เจะนิ', 3, '', '2020-03-23 05:14:26'),
(0005, '2020-03-23', 1000, 5, 4, ' นางมารีเยาะ เจะนิ', 3, '', '2020-03-23 05:17:01');

-- --------------------------------------------------------

--
-- Table structure for table `tbl_position`
--

CREATE TABLE `tbl_position` (
  `position_id` int(2) UNSIGNED ZEROFILL NOT NULL COMMENT 'รหัสตำแหน่งคณะกรรมการ',
  `position_name` varchar(100) NOT NULL COMMENT 'ชื่อตำแหน่งคณะกรรมการ'
) ENGINE=InnoDB DEFAULT CHARSET=utf8;

--
-- Dumping data for table `tbl_position`
--

INSERT INTO `tbl_position` (`position_id`, `position_name`) VALUES
(01, 'อิหม่าม'),
(02, 'คอเต็บ'),
(03, 'บิลาล'),
(04, 'ฝ่ายการศึกษา'),
(05, 'ฝ่ายบริการและสวัสดิการ'),
(06, 'ฝ่ายรักษาความสงบ'),
(07, 'ฝ่ายการเงิน'),
(08, 'ฝ่ายอาคารสถานที่'),
(09, 'เลขานุการ'),
(10, 'นายทะเบียน');

-- --------------------------------------------------------

--
-- Table structure for table `tbl_problem`
--

CREATE TABLE `tbl_problem` (
  `p_id` int(11) NOT NULL COMMENT 'รหัสแจ้งปัญหา',
  `p_username` varchar(255) NOT NULL COMMENT 'ชื่อผู้ใช้คนแจ้งปัญหา',
  `p_fname_lname` varchar(255) NOT NULL COMMENT 'ชื่อคนแจ้งปัญหา',
  `p_detail` varchar(300) NOT NULL COMMENT 'อธิบายรายละเอียด',
  `p_email` varchar(50) NOT NULL COMMENT 'อีเมล์คนแจ้งปัญหา',
  `p_phone` varchar(20) NOT NULL COMMENT 'เบอร์โทรศัพท์คนแจ้งปัญหา',
  `date_save` timestamp NOT NULL DEFAULT current_timestamp() COMMENT 'วันที่แจ้งปัญหา'
) ENGINE=InnoDB DEFAULT CHARSET=utf8;

--
-- Dumping data for table `tbl_problem`
--

INSERT INTO `tbl_problem` (`p_id`, `p_username`, `p_fname_lname`, `p_detail`, `p_email`, `p_phone`, `date_save`) VALUES
(1, 'test', 'test test', 'เข้าสู่ระบบไม่ได้', 'test@gmail.com', '0612219283', '2020-02-01 06:18:56'),
(2, 'B001', 'ดอเซะ มะเซ็ง', 'ลืมรหัสผ่าน', 'b001@gmail.com', '0928827362', '2020-02-01 06:19:30'),
(3, 'B013', 'รอแม', 'ช่วยเปลี่ยนรหัสผ่านเป็น 123 ให้หน่อย', 'mae_123@gmail.com', '0921123232', '2020-02-10 10:23:41');

-- --------------------------------------------------------

--
-- Table structure for table `tbl_suppurude`
--

CREATE TABLE `tbl_suppurude` (
  `suppurude_id` int(3) UNSIGNED ZEROFILL NOT NULL COMMENT 'รหัสสัปปุรุษ',
  `id_card_sup` varchar(13) NOT NULL COMMENT 'เลขประจำตัวประชาชนสัปปุรุษ',
  `title_sup` varchar(20) NOT NULL COMMENT 'คำนำหน้าสัปปุรุษ',
  `f_name_sup` varchar(255) NOT NULL COMMENT 'ชื่อจริงสัปปุรุษ',
  `l_name_sup` varchar(255) NOT NULL COMMENT 'นามสกุลจริงสัปปุรุษ',
  `gender_sup` varchar(10) NOT NULL COMMENT 'เพศสัปปุรุษ',
  `birthday_sup` date NOT NULL COMMENT 'วัน/เดือน/ปีเกิดสัปปุรุษ',
  `family_status` varchar(50) NOT NULL COMMENT 'อยู่ในสถานะ (เจ้าของบ้าน หรือ ผู้อยู่อาศัย)',
  `status_quo` varchar(50) NOT NULL COMMENT 'สถานภาพปัจจุบัน (ยังมีชีวิต หรือ เสียชีวิต)',
  `social_status` varchar(50) NOT NULL COMMENT 'สถานะทางสังคม (ปกติ,พิการ,ผู้ยากไร้ ฯลฯ)',
  `father` varchar(255) NOT NULL COMMENT 'บิดาสัปปุรุษ',
  `mother` varchar(255) NOT NULL COMMENT 'มารดาสัปปุรุษ',
  `ref_family_id` int(3) NOT NULL COMMENT 'รหัสครอบครัว',
  `remark_sup` text NOT NULL COMMENT 'รายละเอียดเพิ่มเติม',
  `date_save_sup` timestamp NOT NULL DEFAULT current_timestamp() COMMENT 'วันที่บันทึก'
) ENGINE=InnoDB DEFAULT CHARSET=utf8;

--
-- Dumping data for table `tbl_suppurude`
--

INSERT INTO `tbl_suppurude` (`suppurude_id`, `id_card_sup`, `title_sup`, `f_name_sup`, `l_name_sup`, `gender_sup`, `birthday_sup`, `family_status`, `status_quo`, `social_status`, `father`, `mother`, `ref_family_id`, `remark_sup`, `date_save_sup`) VALUES
(001, '1900400100789', 'นาย', 'อาแซ', 'อารียู', 'ชาย', '1949-12-12', 'เจ้าของบ้าน', 'ยังอยู่', 'ปกติ', 'นายฮาซัน อารียู', 'นางซูไฮลา อารียู', 1, '--', '2020-03-17 11:31:27'),
(002, '1900400100789', 'นาง', 'ซูไบด๊ะ', 'กาเปะแต', 'ชาย', '1981-04-11', 'ผู้อยู่อาศัย', 'ยังอยู่', 'ปกติ', 'นางยะยา กาเปะแต', 'นางยามีละ กาเปะแต', 1, '--', '2020-03-17 11:33:39'),
(003, '1900400100789', 'นางสาว', 'อามีร่า', 'อารียู', 'หญิง', '1997-01-01', 'ผู้อยู่อาศัย', 'ยังอยู่', 'ปกติ', 'นายอาแซ อารียู', 'นางซูไบด๊ะ กาเปะแต', 1, '', '2020-03-17 11:35:36'),
(004, '1900400100789', 'นางสาว', 'อานีตา', 'อารียู', 'หญิง', '1999-06-07', 'ผู้อยู่อาศัย', 'ยังอยู่', 'ปกติ', 'นายอาแซ อารียู', 'นางซูไบด๊ะ กาเปะแต', 1, '', '2020-03-17 11:37:38'),
(005, '1959900568907', 'เด็กหญิง', 'อารวาตี', 'อารียู', 'หญิง', '2006-05-05', 'ผู้อยู่อาศัย', 'ยังอยู่', 'ปกติ', 'นายอาแซ อารียู', 'นางซูไบด๊ะ กาเปะแต', 1, '', '2020-03-17 11:40:14'),
(006, '1900400100789', 'เด็กชาย', 'มูฮัมหมัดอัมรี', 'อารียู', 'ชาย', '2000-08-09', 'ไม่อยู่แล้ว', 'เสียชีวิต', 'ปกติ', 'นายอาแซ อารียู', 'นางซูไบด๊ะ กาเปะแต', 1, '', '2020-03-17 11:42:44'),
(007, '1900400100789', 'เด็กชาย', 'มูฮัมหมัดอามีน', 'อารียู', 'ชาย', '2019-03-03', 'ผู้อยู่อาศัย', 'ยังอยู่', 'ปกติ', 'นายอาแซ อารียู', 'นางซูไบด๊ะ กาเปะแต', 1, '', '2020-03-17 11:44:36'),
(008, '1900400100789', 'นาย', 'ยาซีน', 'บากา', 'ชาย', '1930-05-05', 'ไม่อยู่แล้ว', 'เสียชีวิต', 'ปกติ', 'นายอามีน บากา', 'นางอามีนะ บากา', 2, '', '2020-03-17 11:48:07'),
(009, '1900400100789', 'นาง', 'กรือสง', 'มะสาแม', 'หญิง', '1950-03-05', 'เจ้าของบ้าน', 'ยังอยู่', 'ปกติ', 'นายมานัส มะสาแม', 'นางซีตี มะสาแม', 2, '', '2020-03-17 11:51:23'),
(010, '1900400100789', 'นาง', 'ปาตีเมาะ', 'บากา', 'หญิง', '1980-12-11', 'ไม่อยู่แล้ว', 'เสียชีวิต', 'ปกติ', 'นายยาซีน บากา', 'นางกรือสง มะสาแม', 2, '', '2020-03-17 11:53:55'),
(011, '1900400100789', 'นาย', 'อับดุลวายิก ', 'หะยีอุมา', 'ชาย', '1970-11-11', 'ผู้อยู่อาศัย', 'ยังอยู่', 'ปกติ', 'นายอับดุลลอฮ หะยีอุมา', 'นางฮุสนานี หะยีอุมา', 2, '', '2020-03-17 11:57:14'),
(012, '1900400100789', 'นาย', 'อับดุลรอนิง', 'หะยีอุมา', 'ชาย', '1992-02-22', 'ผู้อยู่อาศัย', 'ยังอยู่', 'ปกติ', 'นายอับดุลวายิก หะยีอุมา', 'นางปาตีเมาะ บากา', 2, '', '2020-03-17 11:59:57'),
(013, '1900400100789', 'นางสาว', 'สารีนา', 'หะยีอุมา', 'หญิง', '1995-12-09', 'ผู้อยู่อาศัย', 'ยังอยู่', 'ปกติ', 'นายอับดุลวายิก หะยีอุมา', 'นางปาตีเมาะ บากา', 2, '', '2020-03-17 12:01:22'),
(014, '1900400100789', 'นางสาว', 'สานีเราะห์', 'หะยีอุมา', 'หญิง', '1997-02-22', 'ผู้อยู่อาศัย', 'ยังอยู่', 'ปกติ', 'นายอับดุลวายิก หะยีอุมา', 'นางปาตีเมาะ บากา', 2, '', '2020-03-17 12:03:10'),
(015, '1900400100789', 'นางสาว', 'ซานีดา', 'หะยีอุมา', 'หญิง', '1999-02-02', 'ผู้อยู่อาศัย', 'ยังอยู่', 'ปกติ', 'นายอับดุลวายิก หะยีอุมา', 'นางปาตีเมาะ บากา', 2, '', '2020-03-17 12:04:23'),
(016, '1900400100789', 'นาย', 'อับดุลฮากีม ', 'หะยีอุมา', 'ชาย', '2001-12-08', 'ผู้อยู่อาศัย', 'ยังอยู่', 'ปกติ', 'นายอับดุลวายิก หะยีอุมา', 'นางปาตีเมาะ บากา', 2, '', '2020-03-17 12:08:05'),
(017, '1900400100789', 'เด็กหญิง', 'ซารีฮ๊ะ', 'หะยีอุมา', 'หญิง', '2005-04-04', 'ผู้อยู่อาศัย', 'ยังอยู่', 'ปกติ', 'นายอับดุลวายิก หะยีอุมา', 'นางปาตีเมาะ บากา', 2, '', '2020-03-17 12:09:44'),
(018, '1900400100789', 'นาย', 'มะยาโกะ', 'ยีสาและ', 'ชาย', '1950-01-01', 'เจ้าของบ้าน', 'ยังอยู่', 'ปกติ', 'นายมะหามะ ยีสาและ', 'นางมาซีเต๊าะ ยีสาและ', 3, '', '2020-03-17 12:12:01'),
(019, '1900400100789', 'นาง', 'สาปีนะห์', 'บากา', 'หญิง', '1950-12-09', 'ผู้อยู่อาศัย', 'ยังอยู่', 'ปกติ', 'นายยาซีน บากา', 'นางกรือสง มะสาแม', 3, '', '2020-03-17 12:15:08'),
(020, '1900400100789', 'นาง', 'สารีปะห์', 'ยีสาและ', 'ชาย', '1975-03-17', 'ผู้อยู่อาศัย', 'ยังอยู่', 'ปกติ', 'นายมะยาโกะ ยีสาและ', 'นางซาปีนะห์ บากา', 3, '', '2020-03-17 12:17:23'),
(021, '1900400100789', 'นาง', 'ซูใบดะห์ ', 'ยีสาและ', 'หญิง', '1979-02-21', 'ผู้อยู่อาศัย', 'ยังอยู่', 'ปกติ', 'นายมะยาโกะ ยีสาและ', 'นางซาปีนะห์ บากา', 3, '', '2020-03-17 12:21:46'),
(022, '1900400100789', 'นางสาว', 'ปาราตี', 'ยีสาและ', 'หญิง', '1990-11-11', 'ผู้อยู่อาศัย', 'ยังอยู่', 'ปกติ', 'นายมะยาโกะ ยีสาและ', 'นางซาปีนะห์ บากา', 3, '', '2020-03-17 12:24:00'),
(023, '3950300139639', 'นาย', 'มายิ', 'เจะนิ', 'ชาย', '1974-04-04', 'ไม่อยู่แล้ว', 'เสียชีวิต', 'ปกติ', 'นายมะเซ็ง มายิ', 'นางมือละ มายิ', 4, '', '2020-03-17 12:47:51'),
(024, '3950300139604', 'นาง', 'มารีเยาะ', 'เจะนิ', 'หญิง', '1965-03-31', 'เจ้าของบ้าน', 'ยังอยู่', 'ปกติ', 'นายฮายี ปาตานา', 'นางมารีย๊ะ ปาตานา', 4, '', '2020-03-17 12:50:19'),
(025, '1900400100789', 'นางสาว', 'อามีเนาะ', 'เจะนิ', 'หญิง', '1995-02-02', 'ไม่อยู่แล้ว', 'เสียชีวิต', 'ปกติ', 'นายวายิ เจะนิ', 'นางมารีเยาะ เจะนิ', 4, '', '2020-03-17 13:01:31'),
(026, '3950300139639', 'นาย', 'กอเด', 'เจะนิ', 'ชาย', '1955-03-31', 'ผู้อยู่อาศัย', 'ยังอยู่', 'ปกติ', 'นายมะยิ เจะนิ', 'นางมารีเยาะ เจะนิ', 4, '', '2020-03-17 13:15:26'),
(027, '1900400100789', 'นาย', 'อับดุลรอมัน', 'บือซา', 'ชาย', '1979-04-04', 'ผู้อยู่อาศัย', 'ยังอยู่', 'ปกติ', 'นายกอเด บือซา', 'นางฮาลีเมาะ บือซา', 4, '', '2020-03-17 14:02:38'),
(028, '1900400100789', 'นางสาว', 'ซูรายา', 'บือซา', 'ชาย', '1997-03-19', 'ผู้อยู่อาศัย', 'ยังอยู่', 'ปกติ', 'นายอับดุลรอมัน บือซา', 'นางสาวอามีเนาะ เจะนิ', 4, '', '2020-03-17 14:06:17'),
(029, '1900400100789', 'นางสาว', 'ซุรยานี', 'บือซา', 'หญิง', '1999-02-22', 'ผู้อยู่อาศัย', 'ยังอยู่', 'ปกติ', 'นายอับดุลรอมัน บือซา', 'นางสาวอามีเนาะ เจะนิ', 4, '', '2020-03-17 14:08:44'),
(030, '1900400100789', 'นางสาว', 'ซูไรดา', 'บือซา', 'หญิง', '2004-03-31', 'ผู้อยู่อาศัย', 'ยังอยู่', 'ปกติ', 'นายอับดุลรอมัน บือซา', 'นางสาวอามีเนาะ เจะนิ', 4, '', '2020-03-17 14:10:17'),
(031, '1900400100789', 'นาย', 'ดุลรอแม', 'ปะแตบือแน', 'ชาย', '1956-02-22', 'เจ้าของบ้าน', 'ยังอยู่', 'ปกติ', 'นายดอรอนิง ปะแตบือแน', 'นางตีเยาะ ปะแตบือแน', 5, '', '2020-03-17 14:30:05'),
(032, '1900400100789', 'นาง', 'คอรีเยาะ', 'บาสอ', 'หญิง', '1965-12-12', 'ผู้อยู่อาศัย', 'ยังอยู่', 'ปกติ', 'นายดอรอนิง บาสอ', 'นางแมะกรือสง บาสอ', 5, '', '2020-03-17 15:52:42'),
(033, '1900400100789', 'นาย', 'อาซาฮัน', 'ปะแตบือแน', 'ชาย', '1991-04-04', 'ผู้อยู่อาศัย', 'ยังอยู่', 'ปกติ', 'นายดุลรอแม ปะแตบือแน', 'นางคอรีเยาะ บาสอ', 5, '', '2020-03-17 15:56:07'),
(034, '3950300139698', 'นางสาว', 'ซูไรดา', 'ปะแตบือแน', 'หญิง', '1997-09-05', 'ผู้อยู่อาศัย', 'ยังอยู่', 'ปกติ', 'นายดุลรอแม ปะแตบือแน', 'นางคอรีเยาะ บาสอ', 5, '', '2020-03-17 16:03:24'),
(035, '1900400100789', 'เด็กชาย', 'ฮานาฟี', 'ปะแตบือแน', 'ชาย', '2013-12-12', 'ผู้อยู่อาศัย', 'ยังอยู่', 'ปกติ', 'นายดุลรอแม ปะแตบือแน', 'นางคอรีเยาะ บาสอ', 5, '', '2020-03-17 16:05:15'),
(036, '1900400100789', 'นาย', 'ดอรอนิง', 'กาละ', 'ชาย', '1980-03-26', 'เจ้าของบ้าน', 'ยังอยู่', 'ปกติ', 'นายมะรอฮิง กาละ', 'นางแมะเยาะ กามะ', 6, '', '2020-03-17 16:19:37'),
(037, '1900400100789', 'นาง', 'รอพีอ๊ะ', 'ขะเร็มดีเย๊าะ', 'หญิง', '1985-11-11', 'ผู้อยู่อาศัย', 'ยังอยู่', 'ปกติ', 'นายมะทา ขะเร็มดีเย๊าะ', 'นางแมะเย๊าะ ขะเร็มดีเย๊าะ', 6, '', '2020-03-17 16:22:49'),
(038, '1900400100789', 'นาย', 'มะรุสดี', 'กาละ', 'ชาย', '1990-03-31', 'ผู้อยู่อาศัย', 'ยังอยู่', 'ปกติ', 'นายดอรอนิง กาละ', 'นางรอพีอ๊ะ ขะเร็มดีเย๊าะ', 6, '', '2020-03-17 16:24:56'),
(039, '1900400100789', 'นาย', 'มะกอเซ็ง', 'กาละ', 'ชาย', '1992-03-31', 'ผู้อยู่อาศัย', 'ยังอยู่', 'ปกติ', 'นายดอรอนิง กาละ', 'นางรอพีอ๊ะ ขะเร็มดีเย๊าะ', 6, '', '2020-03-17 16:26:30'),
(040, '1900400100789', 'นางสาว', 'พาตีเมาะ', 'กาละ', 'หญิง', '1997-02-09', 'ผู้อยู่อาศัย', 'ยังอยู่', 'ปกติ', 'นายดอรอนิง กาละ', 'นางรอพีอ๊ะ ขะเร็มดีเย๊าะ', 6, '', '2020-03-17 16:28:09');

--
-- Indexes for dumped tables
--

--
-- Indexes for table `tbl_activity`
--
ALTER TABLE `tbl_activity`
  ADD PRIMARY KEY (`activity_id`);

--
-- Indexes for table `tbl_activity_update`
--
ALTER TABLE `tbl_activity_update`
  ADD PRIMARY KEY (`activity_update_id`);

--
-- Indexes for table `tbl_area_board`
--
ALTER TABLE `tbl_area_board`
  ADD PRIMARY KEY (`area_id`);

--
-- Indexes for table `tbl_board`
--
ALTER TABLE `tbl_board`
  ADD PRIMARY KEY (`board_id`);

--
-- Indexes for table `tbl_charge`
--
ALTER TABLE `tbl_charge`
  ADD PRIMARY KEY (`charge_id`);

--
-- Indexes for table `tbl_death`
--
ALTER TABLE `tbl_death`
  ADD PRIMARY KEY (`death_id`);

--
-- Indexes for table `tbl_file`
--
ALTER TABLE `tbl_file`
  ADD PRIMARY KEY (`file_id`);

--
-- Indexes for table `tbl_house`
--
ALTER TABLE `tbl_house`
  ADD PRIMARY KEY (`family_id`);

--
-- Indexes for table `tbl_login_board`
--
ALTER TABLE `tbl_login_board`
  ADD PRIMARY KEY (`b_log_id`);

--
-- Indexes for table `tbl_login_member`
--
ALTER TABLE `tbl_login_member`
  ADD PRIMARY KEY (`m_log_id`);

--
-- Indexes for table `tbl_marriage`
--
ALTER TABLE `tbl_marriage`
  ADD PRIMARY KEY (`marriage_id`);

--
-- Indexes for table `tbl_member`
--
ALTER TABLE `tbl_member`
  ADD PRIMARY KEY (`member_id`);

--
-- Indexes for table `tbl_member_update`
--
ALTER TABLE `tbl_member_update`
  ADD PRIMARY KEY (`member_update_id`);

--
-- Indexes for table `tbl_pay`
--
ALTER TABLE `tbl_pay`
  ADD PRIMARY KEY (`pay_id`);

--
-- Indexes for table `tbl_position`
--
ALTER TABLE `tbl_position`
  ADD PRIMARY KEY (`position_id`);

--
-- Indexes for table `tbl_problem`
--
ALTER TABLE `tbl_problem`
  ADD PRIMARY KEY (`p_id`);

--
-- Indexes for table `tbl_suppurude`
--
ALTER TABLE `tbl_suppurude`
  ADD PRIMARY KEY (`suppurude_id`);

--
-- AUTO_INCREMENT for dumped tables
--

--
-- AUTO_INCREMENT for table `tbl_activity`
--
ALTER TABLE `tbl_activity`
  MODIFY `activity_id` int(11) NOT NULL AUTO_INCREMENT COMMENT 'รหัสกิจกรรม', AUTO_INCREMENT=10;

--
-- AUTO_INCREMENT for table `tbl_activity_update`
--
ALTER TABLE `tbl_activity_update`
  MODIFY `activity_update_id` int(11) NOT NULL AUTO_INCREMENT COMMENT 'รหัสแก้ไขข้อมูล', AUTO_INCREMENT=24;

--
-- AUTO_INCREMENT for table `tbl_area_board`
--
ALTER TABLE `tbl_area_board`
  MODIFY `area_id` int(2) UNSIGNED ZEROFILL NOT NULL AUTO_INCREMENT COMMENT 'รหัสเขตคณะกรรมการ', AUTO_INCREMENT=10;

--
-- AUTO_INCREMENT for table `tbl_board`
--
ALTER TABLE `tbl_board`
  MODIFY `board_id` int(3) UNSIGNED ZEROFILL NOT NULL AUTO_INCREMENT COMMENT 'รหัสคณะกรรมการ', AUTO_INCREMENT=17;

--
-- AUTO_INCREMENT for table `tbl_charge`
--
ALTER TABLE `tbl_charge`
  MODIFY `charge_id` int(4) UNSIGNED ZEROFILL NOT NULL AUTO_INCREMENT COMMENT 'รหัสเรียกเก็บเงิน', AUTO_INCREMENT=28;

--
-- AUTO_INCREMENT for table `tbl_death`
--
ALTER TABLE `tbl_death`
  MODIFY `death_id` int(3) UNSIGNED ZEROFILL NOT NULL AUTO_INCREMENT COMMENT 'รหัสผู้เสียชีวิต', AUTO_INCREMENT=6;

--
-- AUTO_INCREMENT for table `tbl_file`
--
ALTER TABLE `tbl_file`
  MODIFY `file_id` int(11) NOT NULL AUTO_INCREMENT COMMENT 'รหัสไฟล์';

--
-- AUTO_INCREMENT for table `tbl_house`
--
ALTER TABLE `tbl_house`
  MODIFY `family_id` int(3) UNSIGNED ZEROFILL NOT NULL AUTO_INCREMENT COMMENT 'รหัสครอบครัว', AUTO_INCREMENT=31;

--
-- AUTO_INCREMENT for table `tbl_login_board`
--
ALTER TABLE `tbl_login_board`
  MODIFY `b_log_id` int(11) NOT NULL AUTO_INCREMENT COMMENT 'รหัสเข้าระบบคณะกรรมการ', AUTO_INCREMENT=248;

--
-- AUTO_INCREMENT for table `tbl_login_member`
--
ALTER TABLE `tbl_login_member`
  MODIFY `m_log_id` int(11) NOT NULL AUTO_INCREMENT COMMENT 'รหัสเข้าระบบสมาชิก', AUTO_INCREMENT=80;

--
-- AUTO_INCREMENT for table `tbl_marriage`
--
ALTER TABLE `tbl_marriage`
  MODIFY `marriage_id` int(3) UNSIGNED ZEROFILL NOT NULL AUTO_INCREMENT COMMENT 'รหัสคู่สมรส', AUTO_INCREMENT=6;

--
-- AUTO_INCREMENT for table `tbl_member`
--
ALTER TABLE `tbl_member`
  MODIFY `member_id` int(3) UNSIGNED ZEROFILL NOT NULL AUTO_INCREMENT COMMENT 'รหัสสมาชิก', AUTO_INCREMENT=5;

--
-- AUTO_INCREMENT for table `tbl_member_update`
--
ALTER TABLE `tbl_member_update`
  MODIFY `member_update_id` int(11) NOT NULL AUTO_INCREMENT COMMENT 'รหัสแก้ไขข้อมูลสมาชิก', AUTO_INCREMENT=3;

--
-- AUTO_INCREMENT for table `tbl_pay`
--
ALTER TABLE `tbl_pay`
  MODIFY `pay_id` int(4) UNSIGNED ZEROFILL NOT NULL AUTO_INCREMENT COMMENT 'รหัสจ่ายเงิน', AUTO_INCREMENT=6;

--
-- AUTO_INCREMENT for table `tbl_position`
--
ALTER TABLE `tbl_position`
  MODIFY `position_id` int(2) UNSIGNED ZEROFILL NOT NULL AUTO_INCREMENT COMMENT 'รหัสตำแหน่งคณะกรรมการ', AUTO_INCREMENT=18;

--
-- AUTO_INCREMENT for table `tbl_problem`
--
ALTER TABLE `tbl_problem`
  MODIFY `p_id` int(11) NOT NULL AUTO_INCREMENT COMMENT 'รหัสแจ้งปัญหา', AUTO_INCREMENT=4;

--
-- AUTO_INCREMENT for table `tbl_suppurude`
--
ALTER TABLE `tbl_suppurude`
  MODIFY `suppurude_id` int(3) UNSIGNED ZEROFILL NOT NULL AUTO_INCREMENT COMMENT 'รหัสสัปปุรุษ', AUTO_INCREMENT=41;
COMMIT;

/*!40101 SET CHARACTER_SET_CLIENT=@OLD_CHARACTER_SET_CLIENT */;
/*!40101 SET CHARACTER_SET_RESULTS=@OLD_CHARACTER_SET_RESULTS */;
/*!40101 SET COLLATION_CONNECTION=@OLD_COLLATION_CONNECTION */;
